Product Model Number,Product Name,Product Price
HC7-104-24W,National Tree Company,49.98
RAHV-DA102W-1,National Tree Company,44.88
2005500067,Glitzhome,40.46
35762377,Northlight,62.98
7370,Worth Imports,29.98
4648,Nearly Natural,87.45
W1127,Nearly Natural,40.91
2019500005,Glitzhome,35.19
35762346,Northlight,73.98
RAHV-W060630A,National Tree Company,42.99
9991,Worth Imports,60.48
35762376,Northlight,46.98
2005500066,Glitzhome,22.48
305-1390A-W30,Puleo International,174.7
7779,Worth Imports,23.99
RAHV-15560W22,National Tree Company,55.98
33532675,Northlight,80.98
W1192,Nearly Natural,86.7
9902,Worth Imports,62
34868444,Northlight,47.98
4472,Nearly Natural,47.05
W1179,Nearly Natural,90.77
34868446,Northlight,23.98
5630,Worth Imports,19.27
9960,Worth Imports,37.98
2029800002,"Glitzhome,",30.48
34141521,Northlight,56.48
4494,Nearly Natural,31.95
9140,Worth Imports,79.48
W1184,Nearly Natural,72.44
4902,Nearly Natural,87.2
BTTSW4,Sullivans,26.98
33530749,Northlight,27.89
35762343,Northlight,46.98
W1230,Nearly Natural,51.95
4495,Nearly Natural,40.42
5212,Worth Imports,30
9980,Worth Imports,27.98
32257212,Northlight,95.01
23091CR,Sullivans,28.98
MIF4,Sullivans,26.98
HC7-104L-36W,National Tree Company,110.99
FA4,Sullivans,45
W1159,Nearly Natural,44.31
RAHV-0AW060751A,National Tree Company,93.98
W1178,Nearly Natural,72.74
W1243,Nearly Natural,59.38
2006300037,Glitzhome,63.98
2539950EC,Gerson International,53.98
W1216,Nearly Natural,43.65
MFGWF5209X24X,Product name not found,38.99
WGGD OR,Sullivans,45
07891,POTPOURRI,0
927830RBI,Nature Spring,39.48
4275,Nearly Natural,69.06
7927,Worth Imports,35.99
MFGWF5976X22X,Product name not found,49.99
3284,Worth Imports,49.12
9970,Worth Imports,109
W1225,Nearly Natural,59.57
RAHV-G060202A,National Tree Company,47.48
07862,BIRCH,0
07873,LG,0
CYGD,Sullivans,55.98
RAHV-Y18809W-1,National Tree Company,25.98
2006300039,Glitzhome,63.98
07601,NATURAL,0
07417,MITSUI,0
7998,Worth Imports,36.98
2019500007,Glitzhome,61.98
2019500017,Glitzhome,55.98
9969,Worth Imports,50.48
FEPGD,Sullivans,74.98
W1185,Nearly Natural,75.48
4278,Nearly Natural,65.43
W1122,Nearly Natural,80.35
RAHV-8857732W24,National Tree Company,45.98
35644459,Northlight,85.48
9990,Worth Imports,48.48
11841,CATTAILS MAHOGANY,0
34141523,Northlight,28.48
9113,Worth Imports,35.25
BLF6,Sullivans,36.98
2019500009,Glitzhome,86.51
W1248,Nearly Natural,55.65
W1153,Nearly Natural,56.48
W1226,Nearly Natural,70.02
07814,BIRCH,0
W1239,Nearly Natural,129
W1251,Nearly Natural,52.58
